evaluation_role,family,model,target_pct,n,source_files,mae_pp,rmse_pp,bias_pp,median_ae_pp,p95_ae_pp,max_ae_pp,within_4pp,clipped_fraction
BLOCKED_OOF,PGD-PGS,C,0.0,143,2,9.041805115966678,9.256083638490988,9.041805115966678,8.820838752906925,12.802578237189968,15.165769422161697,0.0,0.0
BLOCKED_OOF,PGD-PGS,C,25.0,121,3,17.311686458457764,17.313890661531,17.311686458457764,17.2109562041123,17.870268822601453,18.038709902757454,0.0,0.0
BLOCKED_OOF,PGD-PGS,C,50.0,98,3,0.9334247607461373,0.9549186239215532,0.9334247607461373,0.9736976039162641,1.2224303323375694,1.3898599938069296,1.0,0.0
BLOCKED_OOF,PGD-PGS,C,75.0,53,1,16.04763085453187,16.37178932392741,-16.04763085453187,15.634340957308758,15.86422229189171,34.28400471192224,0.0,0.0
BLOCKED_OOF,PGD-PGS,C,100.0,227,1,10.796108875779378,11.10582381269187,-10.796108875779378,10.262360345272441,16.200533542583706,20.537205644368314,0.0,0.0
BLOCKED_OOF,PGD-PGS,C+P+V,0.0,143,2,1.9726172891861675,2.3252706279894118,1.9726172891861675,1.9071494558537287,4.11735904658391,5.102864841448979,0.9370629370629371,0.02097902097902098
BLOCKED_OOF,PGD-PGS,C+P+V,25.0,121,3,2.6684692523127733,3.1416330048265544,2.309096572343332,2.5491470660517592,5.42342342237713,6.641976281953699,0.7520661157024794,0.0
BLOCKED_OOF,PGD-PGS,C+P+V,50.0,98,3,5.774592526826438,6.190993378523257,5.774592526826438,6.026939185215255,8.794023094459437,9.082812395546817,0.32653061224489793,0.0
BLOCKED_OOF,PGD-PGS,C+P+V,75.0,53,1,3.6980888765144027,4.584427484739943,-3.6980888765144027,3.164079966702957,5.441923263599826,17.607367067975304,0.8113207547169812,0.0
BLOCKED_OOF,PGD-PGS,C+P+V,100.0,227,1,3.6646309705953737,4.057230457455695,-3.6646309705953737,3.5439195404328814,6.7750861976259475,10.134749404632728,0.6167400881057269,0.0
BLOCKED_OOF,PGD-PGS,C+P+V+route,0.0,143,2,23.09063712778523,23.498322910880468,23.09063712778523,23.945824837971895,26.4561621458062,26.99939536000681,0.03496503496503497,0.0
BLOCKED_OOF,PGD-PGS,C+P+V+route,25.0,121,3,2.073347030226286,2.324847174185981,-2.073347030226286,1.9171065914469487,3.9456933312309026,5.278724325334608,0.9504132231404959,0.0
BLOCKED_OOF,PGD-PGS,C+P+V+route,50.0,98,3,4.727515037034552,5.009122380810202,-0.07887670384131326,4.570895308835333,7.930658905607992,9.775990351961191,0.3673469387755102,0.0
BLOCKED_OOF,PGD-PGS,C+P+V+route,75.0,53,1,9.498967891136811,10.070280576641759,-2.5563705208097316,10.372301301526974,12.897334670511137,13.407398426799844,0.11320754716981132,0.0
BLOCKED_OOF,PGD-PGS,C+P+V+route,100.0,227,1,2.3583188889763758,2.6345130910433165,-2.3583188889763758,2.248665844178717,4.486109810318508,6.790522584030882,0.8986784140969163,0.004405286343612335
BLOCKED_OOF,PGD-PGS,C+V,0.0,143,2,11.5100901865862,11.580694903886261,11.5100901865862,11.193810140300656,13.471856671438022,15.07459370446197,0.0,0.0
BLOCKED_OOF,PGD-PGS,C+V,25.0,121,3,3.575635951746916,3.600998057739953,3.575635951746916,3.496531059934732,4.4451951738886315,4.764424546833482,0.8429752066115702,0.0
BLOCKED_OOF,PGD-PGS,C+V,50.0,98,3,6.275796723944515,6.401096838881283,-6.275796723944515,6.421080464916692,8.109990613645786,8.53412452768773,0.0,0.0
BLOCKED_OOF,PGD-PGS,C+V,75.0,53,1,11.585804403076146,11.816212950670248,-11.585804403076146,11.516269362556237,12.713720195049543,22.552235959758143,0.0,0.0
BLOCKED_OOF,PGD-PGS,C+V,100.0,227,1,4.106119460388641,4.7227917692599135,-4.106119460388641,3.7303563946477993,8.32466706899673,13.003367611428644,0.5418502202643172,0.022026431718061675
BLOCKED_OOF,PGD-PGS,OLS-V,0.0,143,2,24.598207294525558,24.64717447280551,24.598207294525558,24.11490492523745,26.679320410568955,27.195170452414136,0.0,0.0
BLOCKED_OOF,PGD-PGS,OLS-V,25.0,121,3,10.41475048727661,10.439505195226632,-10.41475048727661,10.407961415487875,11.530671245379423,11.82909417444914,0.0,0.0
BLOCKED_OOF,PGD-PGS,OLS-V,50.0,98,3,12.662445561724732,12.999434513573837,-12.662445561724732,13.041755865593299,16.89710456504541,17.87035194583519,0.0,0.0
BLOCKED_OOF,PGD-PGS,OLS-V,75.0,53,1,3.8185688724769107,4.215237906707098,-3.246174355399326,3.8640044362548025,6.649452747458125,7.435773274572142,0.5094339622641509,0.0
BLOCKED_OOF,PGD-PGS,OLS-V,100.0,227,1,0.26727172232484514,0.8161358984977118,-0.26727172232484514,0.0,2.3826072673690297,4.224404783523937,0.9955947136563876,0.8370044052863436
BLOCKED_OOF,PGD-PGS,P,0.0,143,2,2.763266043181766,3.2025438049829735,2.763266043181766,2.89247228172217,5.159840696873859,6.842090905945959,0.7202797202797203,0.006993006993006993
BLOCKED_OOF,PGD-PGS,P,25.0,121,3,4.114169090664625,4.888858138482584,3.4899506198256063,3.791443615566397,8.644957657757232,10.70170124114506,0.5206611570247934,0.0
BLOCKED_OOF,PGD-PGS,P,50.0,98,3,16.07249565672133,16.32836384089944,16.07249565672133,16.908251817658673,20.04257163837525,20.33059664345211,0.0,0.0
BLOCKED_OOF,PGD-PGS,P,75.0,53,1,2.191181170889067,2.686291590522903,1.528111790648335,1.9041826463558493,3.6705972007179204,9.346387222479535,0.9622641509433962,0.0
BLOCKED_OOF,PGD-PGS,P,100.0,227,1,9.119989171856759,9.185368434846275,-9.119989171856759,9.129142581367162,11.112960371672722,12.589017857228967,0.0,0.0
BLOCKED_OOF,PGD-PGS,Piecewise-V,0.0,143,2,5.022169225139064,6.168956482878992,5.022169225139064,3.973890419267917,11.032654246381439,13.058915617487584,0.5034965034965035,0.0
BLOCKED_OOF,PGD-PGS,Piecewise-V,25.0,121,3,0.8779471128418088,1.4970802370346163,-0.8779471128418088,0.1325229936510297,3.2920688048714055,4.556141055022067,0.9752066115702479,0.0
BLOCKED_OOF,PGD-PGS,Piecewise-V,50.0,98,3,5.251209995991647,7.313250308197191,-3.173147933431684,2.8865021357052427,14.205272119698806,17.881027342187423,0.6326530612244898,0.0
BLOCKED_OOF,PGD-PGS,Piecewise-V,75.0,53,1,1.9390723469360533,2.526986732162478,0.15755810057889083,1.7681108498891547,4.477510692580901,9.05148996660644,0.9433962264150944,0.0
BLOCKED_OOF,PGD-PGS,Piecewise-V,100.0,227,1,1.008178600151401,1.7358535664151755,-1.008178600151401,0.21155452726307544,4.199222082583256,5.738637858364726,0.947136563876652,0.0
BLOCKED_OOF,PGD-PGS,V,0.0,143,2,28.78272356340549,28.809177359751413,28.78272356340549,28.249573585054787,30.58864757492671,30.82640763292608,0.0,0.0
BLOCKED_OOF,PGD-PGS,V,25.0,121,3,4.197694398377197,4.250256536742693,-4.197694398377197,4.211057323327033,5.268116843587514,5.50933050201467,0.35537190082644626,0.0
BLOCKED_OOF,PGD-PGS,V,50.0,98,3,11.07120231383768,11.317246270408997,-11.07120231383768,11.256189475021628,14.398409841849098,15.18508049750811,0.0,0.0
BLOCKED_OOF,PGD-PGS,V,75.0,53,1,8.655119276243271,8.888359657772051,-8.655119276243271,9.201676128007037,11.02129723467923,11.31680835108174,0.05660377358490566,0.0
BLOCKED_OOF,PGD-PGS,V,100.0,227,1,8.94795815498593,9.35764462649963,-8.94795815498593,9.166263058660476,13.453160881357611,15.126294943381723,0.04405286343612335,0.0
BLOCKED_OOF,PGT-PGD,C,0.0,227,1,7.640190319519018,8.47379840416598,7.640190319519018,6.670053643527183,14.862144240745986,23.268898296167748,0.10572687224669604,0.0
BLOCKED_OOF,PGT-PGD,C,25.0,102,1,14.081964126128616,14.11265476645972,14.081964126128616,14.110450216621025,14.911033376791984,18.99300985152869,0.0,0.0
BLOCKED_OOF,PGT-PGD,C,50.0,201,2,2.4609255530469034,2.603507055779708,-2.4609255530469034,2.3497116183596987,3.8678710228766064,6.1036950002369394,0.9552238805970149,0.0
BLOCKED_OOF,PGT-PGD,C,75.0,114,3,17.699813270122778,17.712850072193778,-17.699813270122778,17.617254348996777,18.96250641630039,21.487825215420834,0.0,0.0
BLOCKED_OOF,PGT-PGD,C,100.0,87,2,9.817702585120573,10.497946180059886,-9.817702585120573,9.132909888351193,18.238787233474707,21.652965237611753,0.0,0.0
BLOCKED_OOF,PGT-PGD,C+P+V,0.0,227,1,4.807581086472848,6.590521919955937,4.807581086472848,4.044568292986519,13.379394004484265,20.546725619457373,0.4933920704845815,0.13656387665198239
BLOCKED_OOF,PGT-PGD,C+P+V,25.0,102,1,6.132654667932752,8.166023485776087,1.1022029139559453,4.513809492461487,16.76718858971434,25.0,0.46078431372549017,0.029411764705882353
BLOCKED_OOF,PGT-PGD,C+P+V,50.0,201,2,5.883160256018463,6.8794902856756766,-5.418336593031274,5.726109632577582,11.406844785263168,17.678005241851537,0.3333333333333333,0.0
BLOCKED_OOF,PGT-PGD,C+P+V,75.0,114,3,3.9253191716170006,4.652049590260626,-3.6320732616769478,3.969393040117801,7.887376233526076,10.306146673365177,0.5,0.0
BLOCKED_OOF,PGT-PGD,C+P+V,100.0,87,2,0.2592449342091325,0.9689929027162862,-0.2592449342091325,0.0,1.1690595619809558,6.297063549245323,0.9770114942528736,0.8505747126436781
BLOCKED_OOF,PGT-PGD,C+P+V+route,0.0,227,1,0.5997769369497973,0.9339249853789586,0.5997769369497973,0.3646210762543867,2.0767168090330053,3.0002987426458936,1.0,0.3392070484581498
BLOCKED_OOF,PGT-PGD,C+P+V+route,25.0,102,1,4.097267868356024,8.072823410061673,2.937814511551322,1.7465693778184441,25.913035650037482,31.3165847266989,0.7843137254901961,0.0
BLOCKED_OOF,PGT-PGD,C+P+V+route,50.0,201,2,2.36734039783822,3.018097245962759,1.350498976916575,1.8210673735438903,6.224173314585187,8.10974028267006,0.8109452736318408,0.0
BLOCKED_OOF,PGT-PGD,C+P+V+route,75.0,114,3,4.139936622342422,4.546953418473844,-4.132153355602672,3.9627684889276793,7.407291078555525,13.016443645999118,0.5,0.0
BLOCKED_OOF,PGT-PGD,C+P+V+route,100.0,87,2,4.6523400042520775,4.915692966443397,-4.6523400042520775,4.887560896475179,7.0900514802871815,8.553598530281207,0.3103448275862069,0.0
BLOCKED_OOF,PGT-PGD,C+V,0.0,227,1,5.380537317930235,6.539628806229647,5.380537317930235,4.571590365701641,12.815189372628073,18.648636507112396,0.4185022026431718,0.05726872246696035
BLOCKED_OOF,PGT-PGD,C+V,25.0,102,1,10.746332022516649,11.50874944864854,9.891877948903678,10.726766957795054,16.045888160754732,25.0,0.0392156862745098,0.00980392156862745
BLOCKED_OOF,PGT-PGD,C+V,50.0,201,2,4.759967753336758,5.154191417088126,-4.75201183231696,4.983057614440675,8.129618204297465,10.738648214321522,0.36318407960199006,0.0
BLOCKED_OOF,PGT-PGD,C+V,75.0,114,3,9.144507599393961,9.363286765457296,-9.144507599393961,8.94008215171467,12.279995042911581,15.681073775397273,0.0,0.0
BLOCKED_OOF,PGT-PGD,C+V,100.0,87,2,3.2032837578528466,4.457023718441173,-3.2032837578528466,2.724063840434198,9.562244738359245,12.90855066181905,0.6551724137931034,0.1839080459770115
BLOCKED_OOF,PGT-PGD,OLS-V,0.0,227,1,3.3148356964070507,4.780703099136038,3.3148356964070507,2.2867388256669585,10.977979039041486,13.88273654321182,0.6696035242290749,0.24669603524229075
BLOCKED_OOF,PGT-PGD,OLS-V,25.0,102,1,8.14363298148284,10.039223842174673,4.323788145410492,6.9618032502441825,18.19371356337913,29.741299927286285,0.28431372549019607,0.0196078431372549
BLOCKED_OOF,PGT-PGD,OLS-V,50.0,201,2,9.141453027488346,10.049128351224962,-9.067968335973164,9.209944683754202,16.1096569660956,19.72034623451816,0.12935323383084577,0.0
BLOCKED_OOF,PGT-PGD,OLS-V,75.0,114,3,3.2868638722220376,4.078781121362444,-0.31550535265842006,2.7416901390608217,8.133078763409546,11.19925475356704,0.6578947368421053,0.0
BLOCKED_OOF,PGT-PGD,OLS-V,100.0,87,2,0.30444525366099,1.0655273739041113,-0.30444525366099,0.0,1.060873247107198,6.329786437088686,0.9655172413793104,0.8045977011494253
BLOCKED_OOF,PGT-PGD,P,0.0,227,1,5.434004357302291,7.257885269214194,5.434004357302291,4.330859059772834,14.710749722755834,20.63167257796064,0.4669603524229075,0.10572687224669604
BLOCKED_OOF,PGT-PGD,P,25.0,102,1,7.466597126877462,9.69697669133814,1.4541239594270605,5.325916320510084,22.274454522314883,26.608160894389698,0.35294117647058826,0.029411764705882353
BLOCKED_OOF,PGT-PGD,P,50.0,201,2,7.5597594857607,8.743655911247437,-6.937155090972982,7.379122263850775,13.958565939478852,21.354479335335952,0.24875621890547264,0.0
BLOCKED_OOF,PGT-PGD,P,75.0,114,3,3.6633682537420773,4.24629026841322,-2.221402600369875,3.315624268865129,7.6812973678861916,9.761132089613824,0.5964912280701754,0.0
BLOCKED_OOF,PGT-PGD,P,100.0,87,2,0.27684666363199617,0.8841354858879821,-0.27684666363199617,0.0,1.4942329423912526,5.424722046479886,0.9770114942528736,0.7931034482758621
BLOCKED_OOF,PGT-PGD,Piecewise-V,0.0,227,1,1.8511772578630454,3.1893128858874427,1.8511772578630454,0.3929037192156599,7.814789567729053,10.657924398749742,0.7973568281938326,0.0
BLOCKED_OOF,PGT-PGD,Piecewise-V,25.0,102,1,10.538655835829996,13.259621019147582,3.6396446139765373,8.69445486044633,26.62548978486638,35.79076928142901,0.2549019607843137,0.0
BLOCKED_OOF,PGT-PGD,Piecewise-V,50.0,201,2,5.780934680692951,7.918298228682697,-2.670784626940004,3.9139292903894543,18.54413383871363,25.86836243064196,0.5024875621890548,0.0
BLOCKED_OOF,PGT-PGD,Piecewise-V,75.0,114,3,2.6357693518365055,3.291033076543011,0.12477244754141624,2.249685105279191,6.8389804343385014,8.051923803218216,0.7719298245614035,0.0
BLOCKED_OOF,PGT-PGD,Piecewise-V,100.0,87,2,0.9414807785982309,1.7734307525960415,-0.9414807785982309,0.0,3.063391082226221,7.539964828863177,0.9540229885057471,0.0
BLOCKED_OOF,PGT-PGD,V,0.0,227,1,10.765532099996781,11.474636583778622,10.765532099996781,10.723013900725064,17.56986374738404,20.434342990655686,0.048458149779735685,0.004405286343612335
BLOCKED_OOF,PGT-PGD,V,25.0,102,1,8.77032887703926,10.516538046484849,7.006639650374574,8.654771710573526,17.362203524003338,27.415970059515168,0.22549019607843138,0.0196078431372549
BLOCKED_OOF,PGT-PGD,V,50.0,201,2,8.55350909400933,9.192267823197078,-8.544668151461394,8.66114998645618,14.005931003888747,16.93860018921511,0.11442786069651742,0.0
BLOCKED_OOF,PGT-PGD,V,75.0,114,3,6.661876466143544,7.393879525599187,-6.624612120754593,6.56177042753653,11.52505479466508,14.712144314312468,0.21052631578947367,0.0
BLOCKED_OOF,PGT-PGD,V,100.0,87,2,9.598826056158618,9.882067592698379,-9.598826056158618,9.666588611053243,13.666633421551445,15.451604898776537,0.0,0.0
REUSED_CONFIRMATION,PGD-PGS,C,10.0,94,3,9.155493040153187,9.283143708478834,9.155493040153187,8.899002273370273,11.591092641533576,13.65349687593585,0.0,0.0
REUSED_CONFIRMATION,PGD-PGS,C,45.0,173,3,3.8006191146947046,3.8043923911737036,3.8006191146947046,3.823471395723935,4.019402895846261,4.0881532142663275,0.930635838150289,0.0
REUSED_CONFIRMATION,PGD-PGS,C,60.0,166,3,12.275218725930856,12.429104331964144,-12.275218725930856,12.466082083257945,15.335841154202953,16.561677556574438,0.0,0.0
REUSED_CONFIRMATION,PGD-PGS,C+P+V,10.0,94,3,10.0,10.0,-10.0,10.0,10.0,10.0,0.0,1.0
REUSED_CONFIRMATION,PGD-PGS,C+P+V,45.0,173,3,4.210229117330158,4.325139258435776,4.210229117330158,4.1971587843714815,5.7273379312601636,6.608604129612296,0.35260115606936415,0.0
REUSED_CONFIRMATION,PGD-PGS,C+P+V,60.0,166,3,7.441437589836993,7.812061907848041,-7.441437589836993,7.942610412322253,10.938162326411359,12.565443593797035,0.10843373493975904,0.0
REUSED_CONFIRMATION,PGD-PGS,C+P+V+route,10.0,94,3,6.767262488469842,6.781196882989232,-6.767262488469842,6.717227117657537,7.565790812678633,7.822649555235033,0.0,0.0
REUSED_CONFIRMATION,PGD-PGS,C+P+V+route,45.0,173,3,2.195849083247597,2.745447980338335,-2.1224598686453486,1.889199423287458,5.182928268361057,7.458756407698303,0.8728323699421965,0.0
REUSED_CONFIRMATION,PGD-PGS,C+P+V+route,60.0,166,3,10.609544496071269,11.031753363732685,10.609544496071269,10.591561502754075,14.712240254909293,20.93271468450594,0.0,0.0
REUSED_CONFIRMATION,PGD-PGS,C+V,10.0,94,3,4.16406720573062,4.262752714012501,4.16406720573062,4.006164053198425,5.707837140470152,6.890739603642995,0.48936170212765956,0.0
REUSED_CONFIRMATION,PGD-PGS,C+V,45.0,173,3,3.9337664360885007,3.9561251316857065,-3.9337664360885007,3.876346310035025,4.887450894032912,5.135183565359853,0.653179190751445,0.0
REUSED_CONFIRMATION,PGD-PGS,C+V,60.0,166,3,13.056873998478776,13.198741556223473,-13.056873998478776,13.280314437605767,16.13609876566737,17.01293683806457,0.0,0.0
REUSED_CONFIRMATION,PGD-PGS,OLS-V,10.0,94,3,4.965920915169975,4.9990832215774565,4.965920915169975,4.983143303015716,5.850685607840241,6.3520045868429165,0.07446808510638298,0.0
REUSED_CONFIRMATION,PGD-PGS,OLS-V,45.0,173,3,11.258283976836246,11.283724383149517,-11.258283976836246,11.127341494384808,12.815065746033154,13.487924094606655,0.0,0.0
REUSED_CONFIRMATION,PGD-PGS,OLS-V,60.0,166,3,10.854066624463616,10.98947758248923,-10.854066624463616,11.140087463743779,13.4566653275175,13.88959163756821,0.0,0.0
REUSED_CONFIRMATION,PGD-PGS,P,10.0,94,3,10.0,10.0,-10.0,10.0,10.0,10.0,0.0,1.0
REUSED_CONFIRMATION,PGD-PGS,P,45.0,173,3,11.67758120864278,11.785928148349912,11.67758120864278,11.514668104337169,14.358196975238291,15.949493848367943,0.0,0.0
REUSED_CONFIRMATION,PGD-PGS,P,60.0,166,3,2.0462021712274336,2.5553908993676204,-0.1108714398267784,1.7342723696416051,5.240798008665159,6.676239893441689,0.8795180722891566,0.0
REUSED_CONFIRMATION,PGD-PGS,Piecewise-V,10.0,94,3,13.575462917725257,13.626316459777284,13.575462917725257,13.745644706932529,15.0,15.0,0.0,0.0
REUSED_CONFIRMATION,PGD-PGS,Piecewise-V,45.0,173,3,7.667159319995187,8.196295392774282,-7.667159319995187,7.166197282423191,13.623122217224303,16.19735544534207,0.057803468208092484,0.0
REUSED_CONFIRMATION,PGD-PGS,Piecewise-V,60.0,166,3,1.488276121232046,1.7371600361422133,-1.2056067273823765,1.4693838815463778,3.0982557501083576,3.4130862910858824,1.0,0.0
REUSED_CONFIRMATION,PGD-PGS,V,10.0,94,3,8.031153162065552,8.046678415649748,8.031153162065552,8.04612121631283,8.800106110668457,9.235804675821718,0.0,0.0
REUSED_CONFIRMATION,PGD-PGS,V,45.0,173,3,10.650719396521685,10.671035371634675,-10.650719396521685,10.536916699813105,12.003725389722343,12.588509587615846,0.0,0.0
REUSED_CONFIRMATION,PGD-PGS,V,60.0,166,3,12.262845250823386,12.35360545164964,-12.262845250823386,12.511427240530256,14.52477541521932,14.90103360612492,0.0,0.0
REUSED_CONFIRMATION,PGT-PGD,C,10.0,152,1,2.4643912555168286,3.42200443295466,0.4811066875100904,1.9331692774303306,5.815266865018992,19.81237356378003,0.8421052631578947,0.0
REUSED_CONFIRMATION,PGT-PGD,C,45.0,189,1,8.194611979916475,8.202314889037059,-8.194611979916475,8.229831909841941,8.75814221179023,8.998462440920747,0.0,0.0
REUSED_CONFIRMATION,PGT-PGD,C,60.0,80,1,11.409066985054034,11.421501303049276,-11.409066985054034,11.300799357844944,12.474602597220292,13.290315089021789,0.0,0.0
REUSED_CONFIRMATION,PGT-PGD,C+P+V,10.0,152,1,4.382775892621828,4.998713156775382,-4.09232354726543,4.299153990199947,8.35666017524695,10.0,0.48026315789473684,0.013157894736842105
REUSED_CONFIRMATION,PGT-PGD,C+P+V,45.0,189,1,4.3243811100504,4.695372533400358,-4.282049221080956,4.347215333028679,7.4853298844712155,9.951952838876437,0.4444444444444444,0.0
REUSED_CONFIRMATION,PGT-PGD,C+P+V,60.0,80,1,13.738558386998609,13.87801524312517,-13.738558386998609,13.39330977931764,16.795648030061614,17.582035400666513,0.0,0.0
REUSED_CONFIRMATION,PGT-PGD,C+P+V+route,10.0,152,1,5.1491642730324045,5.253370408276539,-5.1491642730324045,5.109331767810923,6.983690582727371,7.305570509458622,0.14473684210526316,0.0
REUSED_CONFIRMATION,PGT-PGD,C+P+V+route,45.0,189,1,4.616028014275611,4.650070295410629,-4.616028014275611,4.6130795751684985,5.5047086583430485,6.0826311744682755,0.13227513227513227,0.0
REUSED_CONFIRMATION,PGT-PGD,C+P+V+route,60.0,80,1,21.68208916421289,21.7137393791857,-21.68208916421289,21.5812646542011,23.53307120460643,24.835430963164008,0.0,0.0
REUSED_CONFIRMATION,PGT-PGD,C+V,10.0,152,1,3.8987819681187994,4.474490656556734,-3.3303839581501196,3.995772311968146,7.162350317331036,9.821621543606186,0.506578947368421,0.0
REUSED_CONFIRMATION,PGT-PGD,C+V,45.0,189,1,9.901752367412476,10.019562358752616,-9.901752367412476,9.806155283401381,12.59915986808445,14.152529436100153,0.0,0.0
REUSED_CONFIRMATION,PGT-PGD,C+V,60.0,80,1,10.9422666364305,11.021454624550438,-10.9422666364305,10.91629876273629,12.851843765885615,13.43372304749829,0.0,0.0
REUSED_CONFIRMATION,PGT-PGD,OLS-V,10.0,152,1,7.087145449358475,7.647160300024526,-7.043743976109513,7.668730233407459,10.0,10.0,0.17105263157894737,0.25
REUSED_CONFIRMATION,PGT-PGD,OLS-V,45.0,189,1,12.757446369276824,13.090853134050485,-12.757446369276824,12.623909264030559,17.737384457956654,20.95327954331259,0.0,0.0
REUSED_CONFIRMATION,PGT-PGD,OLS-V,60.0,80,1,11.914120984464791,12.251315010694675,-11.914120984464791,11.76395895618365,16.11200590565089,17.11872115822314,0.0,0.0
REUSED_CONFIRMATION,PGT-PGD,P,10.0,152,1,2.375155704288414,3.0147509738370135,-0.524565509863599,1.9814519183694017,5.778330941012433,9.294145680112656,0.8157894736842105,0.0
REUSED_CONFIRMATION,PGT-PGD,P,45.0,189,1,1.923008238573987,2.4788994618792874,-0.4894256155953343,1.419066982379185,5.1307153960882665,7.540438066423903,0.8835978835978836,0.0
REUSED_CONFIRMATION,PGT-PGD,P,60.0,80,1,11.085815032383378,11.482211446414246,-11.085815032383378,10.85061103870924,15.591495906058396,16.7961568312027,0.0,0.0
REUSED_CONFIRMATION,PGT-PGD,Piecewise-V,10.0,152,1,8.545214242191195,8.796362974515377,-8.545214242191195,9.732610361851997,10.0,10.0,0.05921052631578947,0.0
REUSED_CONFIRMATION,PGT-PGD,Piecewise-V,45.0,189,1,14.838341426171345,15.944332991378628,-14.781182235953475,15.2933314474503,22.836032745712494,25.66047298957593,0.026455026455026454,0.0
REUSED_CONFIRMATION,PGT-PGD,Piecewise-V,60.0,80,1,4.461616768961661,4.9104756318818445,-4.442856249163187,4.33284114947357,7.518405596599981,8.255968082526437,0.4125,0.0
REUSED_CONFIRMATION,PGT-PGD,V,10.0,152,1,2.7814411309855864,3.4557526362523783,-1.297119039333075,2.494114268676153,6.599049251902914,10.0,0.7368421052631579,0.006578947368421052
REUSED_CONFIRMATION,PGT-PGD,V,45.0,189,1,10.538806970254486,10.839280604736741,-10.538806970254486,10.423518367358632,14.838212020954975,17.61463922271715,0.0,0.0
REUSED_CONFIRMATION,PGT-PGD,V,60.0,80,1,11.860549938466793,12.113884806293704,-11.860549938466793,11.730908290052945,15.484773234220963,16.353915895123755,0.0,0.0
